LABEL,Date,Source,Title,Headline
recision,2023-01-13,Theepochtimes.com,Dr Peter McCullough Says Military Vaccine Mandate Repeal a Victory for Health Freedom Movement,Peter McCullough celebrating repeal military COVID vaccine mandate calling year Buffalo Bills player Damar Hamlin reveal vaccination status after recent cardiac arrest during live game
inflation,2023-01-11,Lifehacker.com,These Prices Are Expected to Drop This Year,They that everything that goes must come down inflation made that hard believe last year While prices that went expected come down this year some will inflation peaked June gradu
inflation,2023-01-12,Lifehacker.com,These Prices Are Expected to Increase This Year,While true that inflation seems coming down since peak June some things looking continue increase price this year start helpful know what actually means when experts inflation easing infla
inflation,2023-01-05,Lifehacker.com,All the Home Improvement Tax Credits You Can Take Advantage of This Year,President Biden signed Inflation Reduction into last August wasn until that Americans became eligible money saving credits environmentally friendlier home improvements appliances electric vehicles
inflation,2023-01-25,BBC News,Egyptians offered loans to buy books as inflation soars,With book prices doubling Egyptian authors also being more economical their writing
inflation,2023-02-03,CNN,Is the Fed ignoring long Covid in its inflation fight,Federal Reserve officials have months blamed dwindling supply workers elevated inflation levels During December press conference Chair Jerome Powell said that Covid related deaths accounted large chunk structural labor
inflation,2023-02-05,BBC News,Turkey elections Biggest test for Erdogan amid cost of living crisis,Rampant inflation issue voters Turkey President Erdogan faces elections
inflation,2023-02-07,CNN,Analysis It s time to chill with all the recession talk,bunch economists policy makers underestimated inflation that taking root around world inflation year highs ramped interest rates many those commentators went full gloomy predicting
inflation,2023-02-02,BBC News,Argentina unveils new peso banknote as inflation bites,clear when peso note will enter circulation Argentina Central Bank says
inflation,2023-01-11,Reuters,To the inflation stations Reuters,look ahead Asian markets from Jamie McGeever
inflation,2023-01-23,Reuters,Mexico headline inflation seen flat in early January core inflation to Reuters,Mexico headline inflation forecast have remained steady during first half January while core inflation seen slowing Reuters poll showed Monday backing analysts said central bank rate hiking cycle likely ending
inflation,2023-01-20,CNN,Global interest rate hikes are yet to bite says IMF head,world economy still sticky spot according head International Monetary Fund despite cautious optimism among economists business leaders that slowing inflation means worst last year crises over
inflation,2023-01-27,CNN,Wall Street is ignoring the Fed That could be dangerous,Federal Reserve continues inflation fighting tightrope market moves suggest that investors feeling more ease with central bank actions That necessarily good thing
inflation,2023-01-06,Reuters,Smaller raises aid inflation fight Reuters,things being equal strong growth sign fight against inflation data released Labor Department Friday showing forecast busting href markets growth solid december unemployment rate falls
inflation,2023-01-25,Reuters,Singapore s December core inflation rises Reuters,Singapore consumer price gauge rose December slightly higher than forecast official data showed Wednesday
inflation,2023-01-27,Reuters,U S consumer spending falls inflation cooling Reuters,consumer spending fell December putting economy lower growth path heading into while inflation continued subside which could give Federal Reserve room further slow pace interest rate hikes next week
inflation,2023-01-31,Reuters,High inflation isn t going away Reuters,Central bankers reading International Monetary Fund latest href markets lifts growth forecast china reopening strength europe update World Economic Outlook should grab strong coffee back work
inflation,2023-01-23,The Guardian,Tesco boss in parallel universe over price rises says farmers union,John Allan said food companies using inflation excuse increase prices further than necessaryBritain farming union accused Tesco chairman living parallel universe after said food companies using inflation
inflation,2023-01-15,Reuters,Is Canadian inflation on a sustainable path to Essentials offer Reuters com,Canadian inflation slows cost essentials such food rent offers pointers whether will return sustainably Bank Canada target economists those items drivers inflation expectations
inflation,2023-01-10,Reuters,India s inflation likely remained steady at in December Reuters India,India retail inflation held steady December staying within Reserve Bank India comfort zone second month moderation food price rises partly offset elevated core inflation Reuters poll economists found
inflation,2023-01-25,Reuters,Aussie jumps kiwi slumps after inflation data Reuters,Australian dollar jumped more than five month high Wednesday after inflation data came hotter than expected while kiwi slipped after Zealand fourth quarter inflation rose less than what central bank forecast
inflation,2023-01-30,Reuters,Japan Inc strives to lure skilled workers as inflation labour crunch bite Reuters,From inflation allowances reskilling workers firms Japan stepping efforts help employees fight rising prices labour crunch even though some cannot afford hikes that more than offset cost push inflation
inflation,2023-01-11,StockNews.com,Stocks Under to Buy This Month,December report showing steady growth despite slowing wage inflation analysts expecting inflation have cooled further last month fueling optimism
inflation,2023-01-29,Due.com,Inflation Tips for Startups Top,October Consumer Price Index from same time previous year Shelter food gasoline prices leading which
inflation,2023-01-12,Reuters,Futures muted ahead of key inflation data Reuters,stock index futures were subdued Thursday ahead keenly awaited December inflation data that would offer more clues Federal Reserve path monetary tightening
inflation,2023-01-19,Reuters,BoE s Bailey sees more optimism on inflation Reuters com,Bank England Governor Andrew Bailey said there more optimism about prospects inflation falling this year noted that central bank pushed back against market expectations interest rates peak
inflation,2023-01-13,Reuters,Spain s inflation slows ends at Reuters,Spanish inflation slowed down thanks lower energy price increases National Statistics Institute said Friday lower than figure released weeks
inflation,2023-01-13,Reuters,U S consumer inflation expectations fall in January Reuters com,consumers believe price pressures will ease considerably over next months with survey Friday showing their year inflation outlook falling January lowest level since spring
inflation,2023-01-10,Reuters,Brazil s inflation slows sharply misses government target Reuters,Brazil inflation ended with sharp slowdown from double digit peaks seen throughout year back fiscal measures aggressive monetary policy tightening once again missed government official target
inflation,2023-01-26,Reuters,BOJ policymakers divided on wage inflation outlook Jan meeting Reuters,Bank Japan policymakers debated inflation outlook their January meeting with some warning that could take time wages rise sustainably summary opinions their meeting showed Thursday
inflation,2023-01-12,Reuters,South African rand flat focus on U S inflation data Reuters,South Africa rand flat early Thursday investors awaited inflation data which could determine whether Federal Reserve will slow pace policy tightening ease pressure global central banks
inflation,2023-01-18,Reuters,FTSE climbs as easing UK inflation offers comfort Reuters,FTSE edged higher Wednesday scale fresh year high after data showed consumer inflation eased more than expected December although worries over tight monetary policy remained rate hovered double digit territory
inflation,2023-01-18,Reuters,Egypt raises local wheat procurement price amid inflation Reuters,Egypt wheat procurement price Egyptian pounds ardeb kilograms local procurement season Prime Minister Mostafa Madbouly said state Wednesday
inflation,2023-01-06,Reuters,Fed s inclusive jobs promise hits reality of inflation control Reuters com,Aiming fortify broad labor market gains among minority groups over previous decade Federal Reserve Chair Jerome Powell engineered historic promise maintain that progress giving broad based inclusive employment statu
inflation,2023-01-10,Reuters,Conagra CEO expects double digit inflation easing protein costs Reuters,Conagra Brands href https reuters companies target blank Chief Executive Officer Sean Connolly said Reuters Newsmaker interview Tuesday that sees double digit inflation fiscal although protein costs
inflation,2023-01-30,Reuters,Welspun India Q profit misses view as inflation bites Reuters,Home textiles manufacturer Welspun India href https reuters companies WLSP target blank WLSP reported bigger than expected slump third quarter profit Monday rising inflation pushed consumers scale back spending
inflation,2023-01-26,Reuters,Indonesian c bank s expanded mandate won t affect inflation Reuters,Indonesia central bank governor Perry Warjiyo said Thursday passage last year that expanded Bank Indonesia mandate would affect framework tackle inflation
inflation,2023-01-31,Reuters,Egypt rolls out early Ramadan discounts as inflation soars Reuters,Inflation stricken Egyptians flocking discounted Ahlan Welcome Ramadan markets that opened nearly three months ahead Muslim holy month government tries alleviate pressures stemming from record high food prices
inflation,2023-01-10,Reuters,Powell Fed needs independence to fight inflation should avoid Reuters,Federal Reserve independence from political influence central ability battle inflation requires stay issues like climate change that beyond congressionally established mandate Chair Jerome Powell said Tuesday
inflation,2023-01-10,Reuters,Egypt s December inflation accelerates to annual Reuters,Egyptian annual urban consumer inflation December rose from November exceeding analyst expectations data from statistics agency CAPMAS showed Tuesday
inflation,2023-01-10,Reuters,Ukraine s inflation hits but lower than forecast Reuters,Consumer price inflation Ukraine State Statistics Service said Tuesday lower than initially expected
inflation,2023-01-18,Reuters,Changing nature of inflation prompts new inequalities New York Reuters,Asian American Pacific Islander AAPI households those with lower incomes have experienced higher inflation over past months rise costs food shelter fall prices have altered inflation inequality patterns
inflation,2023-01-06,Reuters,Mexico headline inflation seen speeding up in December core Reuters com,Mexico headline inflation likely accelerated December after slowing pace straight months Reuters poll showed Friday reinforcing bets that monetary policymakers will maintain restrictive monetary policy tame prices
inflation,2023-01-16,Reuters,Egypt to sell discounted bread to fight inflation Reuters,Egypt government will start selling discounted bread people enrolled bread subsidy programme battles accelerating inflation supply minister said Monday
inflation,2023-01-31,Reuters,Analysis Company profits in focus in CEE inflation fight Reuters,Even hopes grow that central European economies avoid stagflation region central bankers have their eyes potential foes their fight against inflation corporate profits indexation
inflation,2023-01-31,Reuters,U S house price inflation slows further in November Reuters,single family home price growth cooled further November surveys showed Tuesday which together with declining mortgage rates could help slow housing market slide deeper into recession
inflation,2023-01-27,Reuters,Gold little changed ahead of U S inflation data Reuters,Gold prices were little changed Friday traders awaited inflation data later gauge Federal Reserve stance further interest rate hikes
inflation,2023-02-01,Reuters,Traders see inflation falling this year JPMorgan survey Reuters,Most traders believe global inflation peaked while potential recession emerged main risk markets this year according survey released Wednesday
inflation,2023-02-02,Reuters,Zimbabwe cuts policy rate to after inflation falls Reuters,Zimbabwe central bank policy rate percentage points said statement Thursday driven downward trend inflation since late last year
inflation,2023-01-10,Reuters,Taking the down under on Aussie inflation Reuters,look ahead Asian markets from Jamie McGeever
inflation,2023-01-11,Reuters,Ghana inflation rises to y y in December Reuters,Ghana consumer inflation rose year year December from previous month statistics office said Wednesday
inflation,2023-01-11,Reuters,Futures edge higher as focus shifts to inflation data Reuters,stock index futures edged higher Wednesday with focus shifting December inflation reading later week which would provide clues aggressive Federal Reserve could monetary tightening this year
inflation,2023-01-09,Reuters,Mexico inflation ends at slightly below forecast Reuters com,Mexican consumer prices rose year through December national statistics agency said Monday slightly lower than expectations though still representing creep inflation
inflation,2023-01-12,Reuters,Sterling edges up as markets await U S inflation data Reuters,Sterling made marginal gains Thursday against dollar euro attention remained inflation data later session clues future rate hikes world largest economy
inflation,2023-01-12,Reuters,Indian shares seen opening higher inflation data eyed Reuters,Indian shares open higher Thursday line with broader markets investors waited with optimism data domestic inflation that could provide cues central banks rate hike path
inflation,2023-01-12,Reuters,Argentina government aims to undershoot inflation forecasts in Reuters,Argentina inflation expected rise December according median response from Reuters poll analysts though government hoping beat that keep consumer price increase below last month
inflation,2023-01-15,Reuters,Saudi inflation edges up to in December Reuters com,Saudi Arabia annual inflation rate ticked December from November government data showed Sunday with price rises again driven mainly housing costs
inflation,2023-01-16,Reuters,Sterling slips ahead of UK jobs inflation data Reuters,Sterling fell against euro dollar Monday with traders awaiting jobs inflation data later this week clues Bank England monetary policy plans
inflation,2023-01-31,Reuters,Brazil s Finance Ministry not discussing changes to inflation targets Reuters,Brazil economic policy secretary Guilherme Mello said Tuesday that discussions changing inflation targets were agenda Finance Ministry stressing that role economic team focus reforms reduce inflation inter
inflation,2023-01-15,Reuters,Israel posts inflation rate in Reuters com,Israel posted inflation rate Israel Central Bureau Statistics said Sunday citing gains housing food transportation telecommunications prices
inflation,2023-01-25,Reuters,South Korean consumers inflation expectations inch up in January Reuters,South Korean consumers inflation expectations inched January with sentiment toward economic conditions outlook also improving central bank survey showed Thursday
inflation,2023-02-01,Reuters,Colombia inflation rate seen rising again in January Reuters Canada,Colombia inflation forecast have increased again January pushed wage growth higher food gasoline prices Reuters poll showed Wednesday with analysts forecasting consumer price growth further
inflation,2023-02-01,Reuters,South Korea Jan inflation unexpectedly ticks up Reuters,South Korea consumer inflation ticked January three month high against economists expectations official data showed Thursday
inflation,2023-01-10,CNN,Investors wait to hear from Fed Chair Powell at central banking forum,Investors shifting their focus Tuesday from stock market Stockholm they await fairly rare public speaking appearance Federal Reserve Chairman Jerome Powell
inflation,2023-01-18,The Guardian,How will drop in inflation affect plans to raise UK interest rates,Bank England must proceed with caution households still cutting back business confidence weak inflation dips slightly Baker Warburtons battles soaring food inflation There hope households across Brit
inflation,2023-01-18,Ctvnews.ca,Grocery inflation slows as fresh vegetable costs increase CTV News,Grocery inflation slows fresh vegetable costs increase News Inflation cooled December Canada potential recession looms Global News Dollar Lowest Since April After Producer Prices Report Bloombe
inflation,2023-01-18,CNN,Why Egypt is asking people to eat chicken feet,Egypt economic situation dire that government asking people chicken feet country suffering record currency crisis worst inflation five years making food expensive that many Egyptians longer afford chicken
inflation,2023-01-12,Reuters,VIEW India s Dec retail inflation eases to y y Reuters India,India annual href world india indias december retail inflation eases retail inflation December edged down from previous month remained within central bank comfort zone rate food price rises continued
inflation,2023-02-01,Reuters,Fed opts for small rate hikes expects to deliver ongoing increases Reuters,Federal Reserve href markets rates bonds expected deliver small rate hike keep anti inflation tilt raised target interest rate quarter percentage point Wednesday continued promise ongoing increases
inflation,2023-01-10,Reuters,Egypt orders ministries to curb spending amid foreign currency crunch Reuters,Egypt government instructed ministries essential spending until fiscal year June tries cope with continuing pressure currency href world middle east egypts december inflation accelerates annual
inflation,2023-01-18,Reuters,UK finance minister We must stick to plan to bring down nightmare Reuters UK,British finance minister Jeremy Hunt welcomed href markets europe consumer price inflation december small inflation Wednesday said government needed stick plan take difficult decisions
inflation,2023-01-06,Reuters,Tokyo core CPI seen up in December new year high Reuters com,Consumer prices Japan capital likely rose December fastest pace nearly years Reuters poll economists showed Friday market looks href markets asia raise forecasts inflation gauge sources inflat
inflation,2023-01-24,Reuters,Breakingviews EU debt fears hinder U S green subsidies riposte Reuters,European Union under enormous pressure push back against Inflation Reduction vast array clean technology href https bipartisanpolicy blog inflation reduction summary energy climate provisions target blank
inflation,2023-01-05,StockNews.com,Stocks to Be Sure to Avoid This Week,Last year been painful stock market rampant inflation rate hikes where most tech stocks bore brunt massive selloffs With elevated inflation
inflation,2023-01-17,StockNews.com,Stocks That Can Help Keep Your Retirement Account Safe,Although seven interest rate hikes were able cool inflation last three months central bank remains committed achieving inflation target
inflation,2023-01-25,StockNews.com,Stable Stocks to Buy This Week for Under,Despite headline inflation cooling down will likely continue raising interest rates meet inflation target Moreover earnings estimated have declined
inflation,2023-01-31,StockNews.com,Best Stocks to Buy Right Now Large Caps to Watch this Week,Although inflation cooled down over past months intends keep raising interest rates until inflation falls desired level This expected push
inflation,2023-01-13,StockNews.com,Stocks With the Best Value to Buy Right Now,inflation cooled down December marking sixth consecutive month slowing annual inflation market expects slower rate hikes ahead Hence investors should consider fundamentally strong stocks Mosaic
inflation,2023-01-18,The Guardian,Bloody hard work baker Warburtons battles soaring food inflation,Family business says high bills energy wheat causing friction customers experience cost living crisis inflation dips slightly north London industrial estate smell freshly baked bread cuts through
inflation,2023-01-18,The Guardian,UK inflation fall masks continued price rise pain for households,Prices everyday items still outstripping December inflation rate with alcoholic drinks jumping inflation rate fell second month December dropping households remain under pressure prices contin
inflation,2023-01-12,The Guardian,Rail strikes Mick Lynch expecting way below inflation pay offer,Mick Lynch meets Rail Delivery Group effort break deadlock over politics live latest news updates leader Mick Lynch said expects rail bosses present offer below inflation arrived meet
inflation,2023-01-25,Entrepreneur,If You re in One of These States You ll Pay Less in Taxes This Year,cuts come amid high inflation economic uncertainty
inflation,2023-02-04,Engadget,Tesla raises Model Y pricing following federal tax credit change,Tesla quietly raised price best selling Model crossover Saturday automaker website lists Long Range Performance models respectively former that represents increase from
inflation,2023-01-09,The Guardian,Bank of England warns high inflation could last longer than expected,Chief economist says risks remain despite fall wholesale energy prices brink recessionThe Bank England chief economist warned high rates inflation could persist longer than expected despite fall wholesale energy prices
inflation,2023-01-05,Reuters,Fed s Bullard says may be year inflation surge wilts Reuters,Louis Federal Reserve leader James Bullard said Thursday year could finally bring some welcome relief inflation front
inflation,2023-01-12,Reuters,Pessimism among UK consumers perks up as inflation peaks poll Reuters,British consumers turned little less pessimistic December inflation started fall back from historic highs survey published Thursday showed
inflation,2023-01-17,Reuters,Factbox European companies cut jobs as economy sputters Reuters,Decades high inflation impact Ukraine have forced companies across Europe into offs hiring freezes
inflation,2023-01-16,Reuters,Bank of Israel worried looser fiscal policy could stop inflation from Reuters,Bank Israel policymakers expressed concern that government will boost spending much harm ability return inflation annual target
inflation,2023-01-26,Reuters,Abu Dhabi s ADX expects increased listings this year Reuters,Dhabi stock exchange expects increase listings this year even global economies grapple with high inflation rising interest rates chairman said
inflation,2023-01-31,Reuters,U S labor costs growth slows in fourth quarter Reuters,labor costs increased less than expected fourth quarter wage growth slowed offering boost Federal Reserve fight against inflation
inflation,2023-01-10,Reuters,Philippines c bank chief sees inflation closer to in late Reuters,Philippine inflation likely closer late central bank governor Felipe Medalla said Tuesday
inflation,2023-01-12,Reuters,Euro hits month high European shares briefly drop after U S CPI Reuters,euro seven month high European government bond yields briefly trimmed falls European shares dipped after data showed easing inflation December
inflation,2023-01-13,Reuters,Sterling rises after UK economy beats expectations Reuters com,pound rose Friday against both dollar euro after data showed inflation cooled December British economy beat expectations November
inflation,2023-01-19,Reuters,Turnover in Germany s restaurants hotels rose markedly in Reuters,Turnover accommodation food services Germany rose strongly compared with despite high inflation federal statistics office said Thursday
inflation,2023-01-20,Reuters,Swiss National Bank chairman says focus on price stability Reuters,Fighting inflation ensuring price stability absolutely essential Swiss National Bank Chairman Thomas Jordan told panel World Economic Forum Davos
inflation,2023-01-29,Reuters,Gulf stocks rise on hope of slower Fed rate hikes Reuters com,Stock markets Gulf ended higher Sunday after cooling inflation lifted expectations Federal Reserve would slow pace interest rate hikes
inflation,2023-01-13,Reuters,INDIA RUPEE Rupee rises after benign U S inflation print forward Reuters com,Indian rupee rose against dollar Friday following another fall inflation rate while forward premiums rose their highest level months
inflation,2023-01-26,Reuters,German inflation rate to ease over course of econ minister Reuters,German inflation will remain high beginning before easing over course year Economy Minister Robert Habeck said Thursday
inflation,2023-02-02,Reuters,German exports down by in December Reuters,German exports fell more than expected December high inflation market uncertainty continued weigh Europe largest economy despite fading supply chain problems
inflation,2023-01-06,CNN,What to expect from the jobs report,latest monthly jobs report released expected show that economy added jobs December with unemployment rate holding steady third straight month
inflation,2023-01-18,Reuters,Irish finance minister sees inflation falling quite quickly in Reuters,Inflation Ireland appears have peaked should fall quite quickly across remainder year Finance Minister Michael McGrath said Wednesday
oil prices,2023-01-27,CNN,Chevron earnings soar to a record,Chevron reported record full year profit billion buoyed high prices
oil prices,2023-01-13,Reuters,UAE bourses track oil prices higher Reuters com,Stock exchanges United Arab Emirates rose Friday line with prices global equities hopes demand growth importer China boosted investor sentiment slowing inflation trend United States eased aggressive rate hike
oil prices,2023-01-25,Reuters,Oil rebounds as China demand recovery optimism supports prices Reuters,Crude prices rebounded Wednesday demand recovery hopes importer China following exit from COVID pandemic curbs provided support after prices dropped previous session concerns about global economic growth
oil prices,2023-01-23,Reuters,Oil prices fall but remain buoyed by China outlook Reuters,prices drifted lower early trade Monday thinned Lunar Year holiday east Asia held most last week gains prospect economic recovery importer China this year
oil prices,2023-01-17,Reuters,Oil prices slip on global recession gloom Reuters,prices fell early trade Tuesday recession fears dominated headlines World Economic Forum meeting Davos draining optimism that stoked market last week prospects fuel demand recovery importer China
oil prices,2023-01-31,Reuters,Most Gulf bourses decline tracking oil prices Dubai gains Reuters,Most major stock markets Gulf fell early trade Tuesday tandem with prices Asian peers investors were cautious ahead major central bank meetings this week while Dubai bucked trend
oil prices,2023-01-06,Reuters,Oil prices extend gains on lower U S fuel inventories Reuters,prices rose around Friday extending gains from previous trading session after data showed lower fuel inventories following winter storm that United States year
oil prices,2023-01-06,Reuters,Russian rouble advances vs dollar euro in light holiday trade Reuters com,Russia rouble rose against dollar euro Friday prices lifted during thin holiday trading
oil prices,2023-02-01,Reuters,Oil rises as U S recession fears ease and dollar slips Reuters,prices climbed Wednesday underpinned weaker dollar which fell signs slowing inflation United States easing fears that world largest user face recession because further interest rate hikes
oil prices,2023-01-11,Reuters,Oil slips as U S crude fuel inventories reignite demand concerns Reuters,prices fell Wednesday erasing previous session gains after industry data showed unexpected build crude fuel inventories United States world biggest user which reignited worries about fuel demand
oil prices,2023-01-12,Reuters,Russian budget revenues from oil taxes drop to lowest since March Reuters,Russian state budget revenue from taxes declined December billion roubles billion lowest since March according data from Finance Ministry following slide prices
oil prices,2023-01-26,Reuters,Oil edges up as U S crude inventories rise less than expected Reuters,prices were early Asian trade Thursday crude stocks rose less than expected while weaker dollar made cheaper American buyers
oil prices,2023-01-18,CNN,Global oil demand could hit record high as China reopens,Global demand expected highest ever level this year back China swift reopening economy
oil prices,2023-01-27,Reuters,India s Vedanta profit plummets on soft metal prices Reuters com,Indian metals conglomerate Vedanta href https reuters companies VDAN target blank VDAN reported near drop third quarter profit Friday fall commodity prices
oil prices,2023-01-19,Reuters,Japan crude import volume up first y y rise in yrs Reuters com,Japan customs cleared crude imports rose from year earlier while value imported crude jumped trillion soaring prices weaker Ministry Finance said Thursday
oil prices,2023-02-02,Reuters,Oil prices rise after U S Fed hikes rates weakening the dollar Reuters,prices rose early Asian trade Thursday after Federal Reserve raised interest rates basis points sending dollar lower
oil prices,2023-01-10,Reuters,Column China s reopening isn t a one way bullish street for crude Reuters,There rather simple narrative gaining currency crude market that China opening from COVID bullish prices
oil prices,2023-01-09,Reuters,Column Hedge fund petroleum buying paused over year end Kemp Reuters com,Rallying prices steam just before year investors turned cautious after weeks heavy petroleum buying
oil prices,2023-01-26,Reuters,Abu Dhabi leads fall in Gulf markets Saudi stocks rise Reuters,Dhbai stock market slid Thursday weak earnings from heavyweight companies while Saudi Arabian shares ended higher amid firm prices
oil prices,2023-01-16,Reuters,Column Bullishness on oil ebbs at start of Reuters,bullishness about petroleum prices which flooded through parts investment community ebbed first full week concerns mounted about global economy China coronavirus wave
oil prices,2023-01-18,Reuters,Goldman sees modest downside risk to oil prices from steady Reuters,Goldman Sachs Wednesday said that current resilience Russian production sustained places only moderate downside risk about barrel bullish average Brent forecast barrel
oil prices,2023-01-12,Reuters,Most Gulf markets rise on higher oil prices U S rate hopes Reuters,Most major Gulf equities closed higher Thursday tracking global peers prices higher optimism over China demand outlook hopes smaller rate rises United States
oil prices,2023-01-18,Reuters,Saudi bourse gains on rising oil prices Qatar extends losses Reuters,Saudi Arabia stock market rose early trade Wednesday tracking prices higher optimism over China recovery although Qatari index course extend losses sixth session
oil prices,2023-01-10,Reuters,Russia works on measures to curb discounts on its oil prices Reuters,Russian energy ministry said Tuesday been working additional measures limit discounts international benchmarks Russian prices after West imposed price caps
oil prices,2023-01-22,Reuters,Major Gulf stocks rise on higher oil prices China demand prospects Reuters,Most major Gulf markets ended higher Sunday reflecting Friday rise prices driven prospects that upbeat economic growth outlook from China could signal increased fuel demand world second largest economy
oil prices,2023-01-30,Reuters,India s Bharat Petroleum posts lower Q profit on stagnant retail prices Reuters,Indian marketing company Bharat Petroleum Corp href https reuters companies BPCL target blank BPCL reported fall quarterly profit Monday hurt losses stagnant pump prices
oil prices,2023-01-10,Reuters,OPEC pricing power limits downside risks to oil prices Goldman says Reuters,Goldman Sachs expects that growing ability Organization Petroleum Exporting Countries OPEC raise prices without hurting demand much will limit downside risks bullish forecast
oil prices,2023-01-25,Reuters,Hess profit tops Wall St estimates on higher crude prices Reuters,producer Hess Corp href https reuters companies target blank Wednesday beat Wall Street estimates fourth quarter profit boosted higher crude prices Russia invasion Ukraine crimped global energ
oil prices,2023-01-27,Reuters,Oil prices edge up on strong U S economic data Chinese demand Reuters,prices edged marginally higher Friday extending second session strong economic data strengthening hope that reopening Chinese economy would boost demand
oil prices,2023-01-31,Reuters,Factbox Bumper profits fuel surge in dividends buybacks at oil firms Reuters,Energy firms using chunk their bumper quarterly profits from surging natural fuel prices reward shareholders with higher dividends share buybacks
oil prices,2023-02-01,Reuters,S Oil expects regional refining margins to stay elevated in Reuters,South Korea href https reuters companies target blank said Wednesday sees regional refining margins remaining elevated over levels though company posted loss fourth quart
oil prices,2023-01-16,Reuters,Oil dips but hovers near highs on China demand optimism Reuters com,prices dipped early Asian trade Monday held close highest levels since start year optimism that China reopening will lift fuel demand world crude importer
oil prices,2023-01-18,Reuters,Oil production picking up in second largest U S shale field Reuters,production South Texas home second largest shale field expected rise much this year higher prices spur more drilling crude exports records
oil prices,2023-01-18,Reuters,Exclusive U S energy chief warns Republicans that oil bill would Reuters,Energy Secretary Jennifer Granholm warned Republicans letter seen Reuters Wednesday that limiting President Biden authority nation reserves would undermine national security cause crude shortages raise gasoline pric
oil prices,2023-01-19,Reuters,Oil down on another surprise build in U S crude stocks Reuters,prices fell Thursday after industry data showed large unexpected increase crude stocks second week heightening concerns drop fuel demand
oil prices,2023-01-25,Reuters,Commercial Bank leads Qatar shares higher Saudi falls on profit Reuters,Most stock exchanges Gulf region rose early trade Wednesday tracking firm global equities stability prices expectations fuel demand recovery world importer China boosted sentiment
oil prices,2023-01-23,Reuters,Physical oil market starts year with a rally on China demand Russia Reuters,Crude prices much world physical markets have started year with rally amid signs more buying from China after eased COVID restrictions concern that sanctions Russia could tighten supply
oil prices,2023-01-20,Reuters,Indian shares set for muted start on rate hike concerns Reuters com,Indian stocks were muted start Friday tracking slide global equities fears aggressive stance global central banks rise prices
oil prices,2023-01-30,Reuters,Oil climbs after drone attack in Iran China s pledge to promote Reuters com,prices climbed early Asia trade Monday supported tensions Middle East following drone attack Iran Beijing pledged over weekend promote consumption recovery which would support fuel demand
oil prices,2023-02-01,Reuters,Most Gulf markets rebound on easing inflation Saudi stocks fall Reuters,Most Gulf bourses rose early trade Wednesday tracking crude prices global equities slowdown labour costs lifted expectations that Federal Reserve might hint later ending interest rate hikes
oil prices,2023-01-24,Reuters,Oil rises slightly focus on China demand and U S outlook Reuters,Crude prices rose slightly early Asian trade Tuesday market focused prospects demand recovery from importer China global economic outlook ahead company earnings
oil prices,2023-01-13,Reuters,Analysis Russia may hike taxes as military spending oil price weigh Reuters,Russia becoming dependent revenues support budget ramps military spending economists said warning that government have raise taxes prices crude fail meet expectations this year
oil prices,2023-01-31,Reuters,Indian Oil Corp Q profit slumps on loss in fuel sales Reuters,Indian Corp href https reuters companies target blank country refiner reported fall third quarter profit Tuesday hurt static pump prices higher costs foreign exchange losse
oil prices,2023-01-10,Business Insider,Russia looks to crack down on its oil discount as plunging revenues blow up budget deficit,Russia plans international crude prices stave fallout from price that widening Kremlin budget deficit
oil prices,2023-01-10,Business Insider,An oil historian explains China s impact on a key Russian oil product which is now trading far below the EU s price cap,Insider Phil Rosen sits down with historian Greg Brewer break down softening global market impacting Russian crude prices
oil prices,2023-01-13,Reuters,Indonesia palm oil export curbs biodiesel plans to hit world vegoil Reuters com,move palm exporter Indonesia restrict shipments boost domestic biodiesel consumption squeeze global vegetable supplies already undercut lower output Southeast Asia Latin America
oil prices,2023-01-06,The Guardian,UK petrol and diesel retailers accused of not passing on falling oil prices to drivers,Already under scrutiny from competition watchdog sector faces further calls slash pump pricesPressure mounting petrol station owners slash fuel prices after accusations passing falling wholesale costs drivers average price
oil prices,2023-01-25,Reuters,U S oil refining margins hit month high as plant outages rise Reuters,refining margins Tuesday three month high likely headed higher analysts said unplanned refinery outages weigh already tight fuel supplies
oil prices,2023-01-20,Reuters,German producer prices rose in December but at slower pace Reuters,German producer prices rose December slower rate than previous month inflation eases Europe largest economy part lower energy prices according data released Friday
oil prices,2023-01-23,Reuters,January oil loadings from Russia s Baltic ports set to jump vs Dec Reuters,Urals KEBCO crude loadings from Russia Baltic ports Primorsk Luga January rise from December sellers meet strong demand Asia benefit from rising global energy prices traders said Reuters calculat
oil prices,2023-01-27,Business Insider,Goldman Sachs sees oil prices heading to a barrel by the third quarter of amid China reopening,Goldman Sachs analyst Nikhil Bhandari said China reopening could million barrels demand market
oil prices,2023-01-29,Reuters,Pakistan govt lifts petrol diesel prices by rupees a litre Reuters com,Pakistan ministry finance announced Sunday petrol diesel prices would rise rupees litre after country currency value plummeted this week when price caps were removed
oil prices,2023-01-24,Business Insider,Oil s bull story for is China s reopening but that could be derailed if Beijing can t stay the course on its retreat from zero COVID policy RBC s Helima Croft says,Chinese people traveling more imports rising that trend real bull story this year Croft told CNBC
oil prices,2023-01-16,Reuters,Column China didn t drive commodity markets in It may in Reuters com,China commodity trade data shows that prices volumes weren driven world biggest buyer natural resources question whether will China reassert dominance main driver commodity markets
oil prices,2023-01-31,The Guardian,Exxon posts record bn profit for in historic high for western oil industry,Company took home about hour last year majors expected break their annual records Exxon Mobil posted profit company said Tuesday taking home about hour last year setting only company record
oil prices,2023-01-16,Reuters,Factbox Europe rushes to stock up on diesel ahead of Russian ban Reuters com,Europe imports Russian products move that already causing massive shifts global diesel trading
oil prices,2023-01-19,Business Insider,Saudi Arabia was right to defy Biden over oil production minister says cementing a power play that seems to have paid off,Saudi Arabia infuriated Biden administration last year cutting production tandem with Russia other OPEC nations
oil prices,2023-01-17,Business Insider,Russia s seaborne crude exports surge to an month high thanks to shipments to China and India,Russia crude exports rose million barrels week ending January marking eight month high despite
oil prices,2023-01-12,Reuters,Bosnian region cuts price of Russia imported gas by Reuters,government Bosnia autonomous Bosniak Croat Federation Thursday agreed price natural from citing lower prices world markets cuts consumption Europe relatively mild winter
oil prices,2023-01-10,Reuters,G seeks two price caps for Russian oil products Reuters,Group Seven coalition will seek price caps Russian refined products February products trading premium crude other those trading discount official said
oil prices,2023-01-26,Business Insider,Chevron is catching heat for tripling its stock buyback to billion as soaring energy prices led to record profits,buyback that Chevron current stock price would retire about company outstanding shares
oil prices,2023-01-30,The Guardian,Oil price boom has led to doubling of global commodities market report finds,Companies such Vitol Trafigura spotlight over profits after Ukraine invasionProfits from global commodities trading companies including Vitol Trafigura have nearly doubled more than recent years driven rocketing prices
oil prices,2023-01-30,Reuters,Russia bans oil exporters from adhering to Western price caps Reuters,Russian government Monday banned domestic exporters customs bodies from adhering Western imposed price caps Russian crude
oil prices,2023-01-13,Reuters,India caps trading margin on resale of gas from deep sea fields Reuters com,India capped trading margins resale produced from deepwater blocks according government order issued Friday profiteering traders bring down prices
oil prices,2023-01-24,Reuters,Matador Resources to buy Advance Energy for billion Reuters,Matador Resources href https reuters companies MTDR target blank MTDR said Tuesday would Advance Energy Partners Holdings billion deal that includes certain natural producing properties
oil prices,2023-01-06,Reuters,Take Five Welcome to Reuters,potential shift world most dovish major central bank inflation pressures abating turn economic outlook markets suffering their biggest tumble decades Welcome
oil prices,2023-02-01,Reuters,U S exports to China of light sweet crude hit month high Reuters,exports light sweet crude China jumped five month high world biggest crude importer boosted refining Europe demand eased market participants said
oil prices,2023-01-31,Reuters,Driller Helmerich Payne sees moderate growth in customer Reuters,producer budgets slated moderately higher drilling contractor Helmerich Payne href https reuters companies target blank said Tuesday during earnings call with activity also anticipate
oil prices,2023-01-22,Business Insider,Natural gas prices have crashed in less than a month and now an energy CEO is ringing the alarm,Chesapeake Energy Nick Dell Osso wants avoid repeat shale bust limiting supply natural
oil prices,2023-01-19,Reuters,Saudi crude exports slip to five month low in November Reuters com,Saudi Arabia crude exports fell five month November while production also slipped data from Joint Organisations Data Initiative JODI showed Thursday
oil prices,2023-02-02,Reuters,Peru offers oil and gas exploration blocks technical agreements Reuters,Peru state energy agency PeruPetro offering areas exploration through direct negotiations with interested companies separate technical contracts hoping boost nation reserves officials said Thursday
oil prices,2023-02-01,Reuters,Dubai leads Gulf markets higher Qatar ends lower Reuters,Dubai stock market closed higher Wednesday outperforming Gulf region while Qatari stocks retreated amid volatile energy prices
oil prices,2023-01-27,Reuters,White House blasts Big Oil stock buybacks again as Chevron profits Reuters com,White House Friday launched fresh attack against companies accusing them using profits shareholders instead boosting supply after Chevron Corp href https reuters companies target blank said
oil prices,2023-01-24,Reuters,Gulf economies to slow this year on sluggish oil demand Reuters,Economies member Gulf Cooperation Council will grow this year half rate revenues take from expected mild global slowdown according median view from Reuters poll economists
oil prices,2023-01-16,The Guardian,Higher UK energy bills here to stay warns oil company boss,Equinor chief says bills return levels seen before Ukraine invasion given windfall taxes move greener energy Business live latest news updates boss Europe biggest energy companies warned that higher
oil prices,2023-01-19,Reuters,Venezuela s bolivar depreciates to per dollar as prices rise Reuters com,Venezuela down heel bolivar currency fell dollar according official data Wednesday complicating attempts government President Nicolas Maduro control inflation
oil prices,2023-01-26,Reuters,Liberty Energy shares dip on concerns of U S frac market slowdown Reuters,Shares hydraulic fracturing firm Liberty Energy href https reuters companies LBRT target blank LBRT fell more than Thursday despite fourth quarter earnings beat concerns that fracking activity slowing
oil prices,2023-02-01,Reuters,U S review backs smaller version of major Alaska drilling project Reuters,Biden administration Wednesday took step closer toward possible approval scaled back version ConocoPhillips href https reuters companies target blank planned billion Willow project Alaska
oil prices,2023-01-27,Reuters,Oil loadings from Russia s Ust Luga port over Feb to rise Reuters,Urals KEBCO crude loadings from Russia Baltic port Luga over rise million tonnes from million plan same period January traders said
oil prices,2023-02-01,Reuters,India earmarks bln for state oil companies energy transition Reuters,India said Wednesday would provide billion Indian rupees billion help state refiners move towards cleaner energy step aimed helping country achieve zero carbon emission target
oil prices,2023-01-11,Business Insider,Russia s windfall from high energy prices in is starting to wear out but it s still making million a day despite the EU ban new research shows,sanctions slashed Russia fossil fuel revenues about million revenues were around billion between March
oil prices,2023-01-24,Reuters,TSX futures slip with U S data BoC rate decision in focus Reuters,Futures Canada main stock index edged lower Tuesday investors stood sidelines awaited business activity data gauge impact Federal Reserve aggressive monetary policy world largest economy
oil prices,2023-01-30,Reuters,Ukraine war to accelerate shift to clean energy BP says Reuters com,Russia Ukraine expected weigh long term energy demand accelerate world shift renewables carbon power countries boost domestic energy supplies href https reuters companies target blank
oil prices,2023-01-19,Reuters,BASF shareholders say Russia exit sets up oil and gas IPO Reuters,BASF href https reuters companies BASFn target blank BASFn investors said that business Wintershall exit from Russia though painful clears plans take public BASF focus chemi
oil prices,2023-01-31,Reuters,Exxon smashes Western oil majors earnings record with billion Reuters,Exxon Mobil Corp href https reuters companies target blank posted billion adjusted profit company said Tuesday taking home more than million hour last year setting only company
oil prices,2023-01-12,Reuters,U S House passes bill banning exports of reserve oil to China Reuters,House Representatives overwhelmingly passed bill Thursday releases from Strategic Petroleum Reserve from being exported China though measure faces uncertain future Senate
oil prices,2023-01-12,Reuters,Sri Lanka finalises oil exploration rules earmarks offshore blocks Reuters,Lanka preparing issue year exploration licenses many offshore blocks foreign firms scout energy resources bring vital investments crisis country official told Reuters Thursday
oil prices,2023-01-16,Reuters,Analysis Russia s falling oil revenues could create vicious circle for Reuters com,Russia attempts plug budget deficit selling foreign currency reserves could lead vicious circle that pushes rouble higher further reduces Kremlin crucial export revenues analysts
oil prices,2023-01-18,Business Insider,China s economic rebound will push global oil demand to an all time in IEA says,wild cards dominate market outlook Russia China according International Energy Agency
oil prices,2023-01-27,Reuters,Jet fuel prices up as demand jumps refinery outages limit supply Reuters,fuel prices have risen levels never recorded January demand from China lifting COVID travel restrictions refinery outages with surge likely continue analysts refining executives
oil prices,2023-01-18,Business Insider,Putin s retaliation against sanctions has backfired and could cost Russia billion this year RBC analyst says,Russia retaliation against western sanctions hurt economy more than anything according strategist Timothy
oil prices,2023-01-16,Business Insider,Biden promised a reckoning when Saudi Arabia crossed him months later it is clear he s backed down,President Biden pledged consequences Saudi Arabia response cutting supplies been notably quiet since
oil prices,2023-01-06,Reuters,Indian shares set for muted start on rate worries after U S jobs report Reuters India,Indian shares were muted start Friday tracking slide equities data that indicated strong hiring which could allow Federal Reserve keep hiking interest rates
oil prices,2023-01-09,Business Insider,Russia s main oil product is trading way below the price cap as just a handful of buyers keep up trade with the heavily sanctioned nation,Russia Urals grade nation largest crude export traded Baltic port just barrel Friday
oil prices,2023-01-23,Reuters,U S oil producer HighPeak Energy says it will explore sale Reuters,HighPeak Energy href https reuters companies target blank focused exploration production company operating heart Permian basin said Monday would explore strategic options including possi
oil prices,2023-01-10,Reuters,Brazil s inflation slows sharply misses government target Reuters,Brazil inflation ended with sharp slowdown from double digit peaks seen throughout year back fiscal measures aggressive monetary policy tightening once again missed government official target
oil prices,2023-01-21,Engadget,Elon Musk defends funding secured tweets in Tesla shareholder trial,Elon Musk said that just because tweets something does mean people believe will accordingly Tesla chief took witness stand Francisco federal court defend himself tweets made back lawsuit
oil prices,2023-01-25,Reuters,Saudi Arabia sees borrowing around billion riyals in Reuters,Saudi Arabia world exporter expects financing needs around billion riyals billion this year after funding larger amount National Debt Management Center said Wednesday
oil prices,2023-01-18,Reuters,Algeria s Sonatrach to raise energy output to mln TOE this year Reuters,Algeria will raise hydrocarbons output around million tonnes equivalent this year figure managed since state energy producer Sonatrach chief executive Tewfik Hakkar told Reuters Wednesday
oil prices,2023-02-02,Reuters,Top palm oil buyer India s Jan imports fall to six month low dealers Reuters,India January palm imports fell from month their lowest months narrowing discount rival oils prompted refiners increase purchases soybean sunflower oils five dealers told Reuters Thursday
War,2023-02-04,Wired,The Chinese Spy Balloon Shows the Downsides of Spy Balloons,popular military tool during Cold balloons have since fallen favor good reason
War,2023-01-23,Wired,Hacktivism Is a Risky Career Path,Army Ukraine huge influx first time hackers what happens them after
War,2023-01-27,BBC News,Ukraine war Auschwitz anniversary marked without Russia,Moscow accuses Poland attempting rewrite history after invited event
War,2023-01-07,BBC News,Ukraine war The Christmas ceasefire that wasn t,Ukraine eastern city Bakhmut expected Russia declared truce matched with action
War,2023-01-24,The Verge,We are now seconds to our doom,Doomsday Clock seconds midnight after Bulletin Atomic Scientists weighed Ukraine nuclear proliferation disinformation campaigns climate change
War,2023-01-19,Lifehacker.com,Don t Believe These Myths About Gas Stoves,stoves latest innocuous item turn into culture symbol rumors that they might some point future banned stoves really that government agents going come take them away
War,2023-01-18,BBC News,Ukraine war Who was Interior Minister Denys Monastyrsky,most senior Ukrainian official since began been long government
War,2023-01-21,BBC News,Ukraine war The constant risk for ministers travelling by helicopter,death senior officials crash near Kyiv reminder dangers helicopter travel
War,2023-01-24,BBC News,Ukraine war Poland asks Germany for permission to export tanks,request comes Germany says allies train Ukrainian troops Leopard tanks
War,2023-02-03,CNN,Former Russian fighter says he witnessed torture of Ukrainian prisoners of war,former senior Russian army officer says comrades torturing prisoners Ukraine rare eyewitness account from within Moscow ranks address widespread allegations Russian crimes
War,2023-01-25,BBC News,India and Pakistan came close to nuclear war Pompeo,officials helped avert nuclear conflagration former Secretary State Mike Pompeo says
War,2023-01-22,BBC News,Ukraine war Resilient civilians return to liberated town of Lyman,Ukrainian civilians returning Lyman close front line despite threat strikes
War,2023-01-19,BBC News,Ukraine war German tanks for Ukraine depend on US approval,German Chancellor under pressure supply tanks Ukraine will without approval
War,2023-01-30,BBC News,Poland boosts defence spending over war in Ukraine,latest European country increasing military spending result conflict
War,2023-01-12,BBC News,Ukraine war Soledar devastation revealed in satellite images,Ruined buildings cratered landscape around Soledar seen satellite images
War,2023-01-17,BBC News,Ukraine War Zelensky adviser resigns over Dnipro remarks,Oleksiy Arestovych initially said defences caused Russian missile apartment block
War,2023-01-21,BBC News,Ukraine war Frank talks as Ukraine pushes Germany for tanks,Pressure mounts Berlin supply Kyiv with Leopard tanks focus frank talks with Ukraine
War,2023-01-06,BBC News,Ukraine war Western allies to send fighting vehicles to Kyiv,Germany agree join France boosting Ukraine military capability battlefield
War,2023-01-25,BBC News,The Gaza family tending World War graves for years,tradition which began during World been passed from father
War,2023-01-26,CNN,US born Spanish woman is now the world s oldest person at age,survived horrors world wars civil global pandemics
War,2023-02-01,BBC News,Petr Pavel Ukraine deserves to join Nato says new Czech leader,Petr Pavel tells Ukraine morally practically ready join Nato after over
War,2023-02-03,BBC News,The Pope and the archbishop on historic peace mission to South Sudan,holy hoping heal South Sudan world newest nation overcoming brutal civil
War,2023-01-31,CNN,Opinion Germany s quiet betrayal of victims of the Holocaust,December German court made headlines when convicted year former Nazi concentration camp secretary role murder over people during decision pursue crime years after World
War,2023-02-02,BBC News,Ukraine war years on we are facing German tanks again Putin,Vladimir Putin speaking Volgograd formerly Stalingrad mark World anniversary
War,2023-01-22,BBC News,Ukraine war Hiding from Putin s call up by living off grid in a freezing forest,Adam Kalinin been camping Russian wilderness since September avoid fighting Ukraine
War,2023-02-04,BBC News,Ukraine war How two mothers retrieved their dead sons from the battlefield,With little help from military bring soldiers bodies home mothers took charge themselves
War,2023-01-06,BBC News,Ukraine war What does facial recognition software make of Putin s backdrop crowd,There been speculation public meetings with President Putin have been staged
War,2023-01-31,BBC News,Ukraine war Joe Biden rules out sending F fighter jets,Kyiv says needs further help take control country airspace from Russia
War,2023-01-22,BBC News,How Ukraine war led to a new Indian beer in Poland,Indians turned crisis into opportunity when they were stuck with shipment rice flakes
War,2023-01-19,BBC News,Ukraine war Ukraine admits retreat from front line town of Soledar,Andrew Harding goes under fire front line eastern Ukraine after recent Russian gains
War,2023-01-24,CNN,Putin s war in Ukraine pushes world seconds closer to annihilation,Today largely mounting dangers Russia reckless invasion Ukraine Bulletin Atomic Scientists Science Security Board moved hands Doomsday Clock closer midnight than they ever been marks first change
War,2023-02-01,CNN,These will be defining months in the war top Ukrainian national security official says,Russia gearing maximum escalation Ukraine potentially soon next weeks according Ukrainian national security official
War,2023-01-06,CNN,Natural gas prices haven t been this low since Russia went to war,Natural prices Europe United States have tumbled levels last seen before Russia sparked global energy crisis invading Ukraine
War,2023-02-04,The Guardian,Russia Ukraine war live Germany has ample evidence of war crimes in Ukraine says top prosecutor,German prosecutor general says current focus mass killings Bucha attacks civilian infrastructure military package Ukraine What know invasion Continue reading
War,2023-01-09,BBC News,L tzerath German coal mine stand off amid Ukraine war energy crunch,Activists police facing tzerath where diggers plan expand giant coal mine
War,2023-01-26,BBC News,Ukraine war Russian missiles hit Ukraine day after West s tanks move,person died others were injured after strikes Kyiv city mayor says
War,2023-01-06,Android Central,God of War Ragnar k s best moments are commentary on masculinity,Ragnar have fair about masculinity even when explicitly said
War,2023-01-24,Reuters,Former aide to Serbia s Milosevic appeals to have war crimes Reuters,former head Serbia state security service should have crimes conviction financing equipping Serb militias Bosnia during overturned lawyers argued Tuesday saying unaware crimes
War,2023-02-01,Reuters,Analysis IOC on spot over Russian presence at Olympics Reuters,Olympic officials working behind scenes contain growing opposition plans Russian Belarusian athletes compete Paris Olympics Ukraine threatens rekindle Cold sporting frictions
War,2023-01-16,Reuters,Gina Lollobrigida From post war film legend to artist Reuters com,Gina Lollobrigida died shot fame sultry Mediterranean symbol then became photographer sculptor after stepping away from movie world
War,2023-01-19,CNN,Opinion The rich got richer due to Covid and war Now they should pay their fair share,happened again Thousands supporters Brazil former president Jair Bolsonaro stormed country government buildings January protest their newly sworn president riots occurred almost years after assault
War,2023-01-06,Reuters,Putin war aims unchanged but lacks manpower morale Pentagon Reuters com,President Vladimir Putin seizing Ukrainian territory changed Russian forces continue suffer from military weaknesses including amount troops they have Pentagon said Friday Washington hopes latest record weapons
War,2023-01-13,Reuters,Putin ally suggests confiscating property of Russian war critics Reuters com,close ally Russian President Vladimir Putin Friday suggested confiscating property assets Russians discredit country armed forces oppose Ukraine
War,2023-01-27,Reuters,Auschwitz director cites sick megalomania in Ukraine war at Reuters,director Auschwitz Memorial Friday compared deaths people Ukraine suffering World during commemorations marking anniversary liberation Nazi German death camp Soviet troops
War,2023-01-11,The Guardian,Russia Ukraine war live Wagner may make up quarter of Russian combatants Zelenskiy strips Kremlin allies of citizenship,Western intelligence believe mercenary group playing increasingly significant role Putin ally Viktor Medvedchuk among four stripped citizenship Russia Ukraine glance Continue reading
War,2023-01-10,Business Insider,New million Korean War memorial in Washington has spelling errors and service members who didn t die in the war report says,Some names Korean memorial Washington people died circumstances totally unrelated
War,2023-02-02,The Guardian,Stalingrad events see Putin warn of response to western aggression,Drawing parallels with second world Putin said modern with Russia will completely different Vladimir Putin said Russia being threatened German tanks again during second world warning that Moscow ready respo
War,2023-02-01,The Guardian,Share your memories of the Iraq war march,Ahead protest anniversary February would like speak people attended rally London well other citiesOn February will years since more than million people marched through London protest against
War,2023-02-02,The Guardian,Russian forces could regain initiative as Ukraine war drags on,With western tanks arrive invaders better position early spring than Ukrainian defenders Russia Ukraine latest news updates fresh Russian assault around southern Donbas town Vuhledar which began towards
War,2023-02-03,CNN,It turned bad in an instant CNN crew has close call in Ukraine as Russian missiles pummel their location,correspondent Frederik Pleitgen team were traveling Thursday Ukrainian city Kramatorsk report search rescue efforts underway after residential building leveled overnight Russian missile supposed
War,2023-01-24,CNN,Germany set to send Leopard tanks to Ukraine Der Spiegel reports,Germany send sought after Leopard tanks Ukraine help bolster country effort Spiegel reported Tuesday evening attributing unnamed sources German Chancellor Olaf Scholz decided deliver battle tanks followi
War,2023-01-06,Wired,The Age of Digital Transparent Warfare Is Here,Precision weapons satellites have changed fight sees consequences
War,2023-01-26,Boing Boing,Documentary about Singapore s deadly drug war,Jazeera East presents documentary about death penalty Singapore deadly drug While reams research have demonstrated that death penalty does deter crime which check here here here
War,2023-01-19,Business Insider,The collateral damage of America s tech war with China,battle future tech heating government funded billion dollar computer chip factories come with cost local Americans
War,2023-01-27,The Guardian,What happened in the Russia Ukraine war this week Catch up with the must read news and analysis,Germany pledge tanks leading Ukraine fight against corruption Ukraine coverage Every week wrap must reads from coverage Ukraine from news features analysis visual guides
War,2023-01-20,The Guardian,What happened in the Russia Ukraine war this week Catch up with the must read news and analysis,Kyiv hopes western tanks could provide tactical breakthrough dozens Dnipro attack Germany gets defence minister Ukraine coverage Every week wrap must reads from coverage Ukraine from
War,2023-01-06,The Guardian,What happened in the Russia Ukraine war this week Catch up with the must read news and analysis,Ukraine missile strike Russian held city kills troops Wagner counts costs Bakhmut year frontline Ukraine coverage Every week wrap must reads from coverage Ukraine from news
War,2023-01-09,The Guardian,UK considers supplying handful of Challenger tanks to Ukraine,Sources Kyiv hopes move encourage Berlin supply Leopard seeks tanks against Russia Russia Ukraine latest news updates Britain considering supplying handful Challenger tanks Ukraine first
War,2023-01-25,The Guardian,Court approves Russia human rights trial over downing of flight MH,Judges rule Russia eligible trial alleged crimes Ukraine because effective control over separatist held areas Human rights judges have said cases against Russia shooting down flight other alleged crimes procee
War,2023-01-30,The Guardian,Ukraine needs faster supply of western weapons says Zelenskiy,Ukrainian president says speedy supply essential stop Russia dragging Russia Ukraine latest news updates Volodymyr Zelenskiy called western weapons supplied more quickly Russian forces continued attacks
War,2023-01-20,Reuters,EU working on th round of Russia sanctions diplomats Reuters,European Union countries working package sanctions take effect next month against Russia waging against Ukraine diplomatic sources told Reuters
War,2023-01-19,Reuters,Ukrainians learn demining techniques from Cambodian experts Reuters com,team Ukrainians been learning demining techniques Cambodia world most heavily landmined countries after decades civil
War,2023-01-17,Reuters,Factbox European companies cut jobs as economy sputters Reuters,Decades high inflation impact Ukraine have forced companies across Europe into offs hiring freezes
War,2023-01-16,The Guardian,Ukraine will need more tanks if it is to make breakthrough,sending tanks other countries soon send more experts Kyiv needs about Russia Ukraine latest news updates Tanks arguably decided first world after four years deadlock were indispensable throu
War,2023-01-25,Reuters,Ukraine dismisses five top regional prosecutors in shakeup Reuters,Five regional prosecutors were dismissed from their jobs Wednesday after President Volodymyr Zelenskiy launched Ukraine largest political shakeup
War,2023-01-11,Reuters,Ukraine stages war games near Belarus amid fears of Russian assault Reuters,crackle gunfire roar armoured vehicles reverberated around sleepy west Ukrainian towns near Belarusian border Wednesday Kyiv forces trained threat fresh assault across front north
War,2023-01-11,Reuters,EU set for long war in Ukraine will work on more Russia sanctions Reuters,European Union prepared long Ukraine will support Kyiv against Russia aggression long takes Sweden Foreign Minister Tobias Billstrom whose country holds presidency said Wednesday
War,2023-01-19,Reuters,AXA reduces aviation war cover after Ukraine losses sources say Reuters,commercial French insurer href https reuters companies AXAF target blank AXAF reducing cover offered aviation companies seeks protect multibillion euro business after heavy Ukraine related losses
War,2023-01-19,Reuters,In Mexico ancient Zapotec tombs reveal colorful murals depicting war Reuters,Brightly painted Zapotec murals invoking warfare recently unearthed from tombs southern Mexico date back nearly years officials said late Wednesday find that sheds light ancient civilization funerary rites
War,2023-01-19,Reuters,Analysis Tesla uses its profits as a weapon in an EV price war Reuters,Tesla href https reuters companies TSLA target blank TSLA earns more money every vehicle sells than global rivals Chief Executive Elon Musk using that superior profitability weapon pric
War,2023-01-31,Reuters,Pope s visit to shine spotlight on war ravaged DR Congo Reuters,Pope Francis flies into Democratic Republic Congo Tuesday href world africa pope francis visit fragile african nations congo south sudan visit that will highlight human cost protracted conflict vast centr
War,2023-01-24,Reuters,Tank maker Rheinmetall raises sales view as Ukraine war boosts Reuters,Germany Rheinmetall href https reuters companies RHMG target blank RHMG raised sales expectations chief executive said Tuesday defence equipment firm benefits from surge demand weapons
War,2023-01-31,Reuters,EU commissioner we don t want a subsidy war with U S Reuters,European Union does want wage subsidy against United States over Inflation Reduction Commissioner Paolo Gentiloni said Berlin Tuesday
War,2023-01-31,Reuters,Turkey s tourism gains in war hit but trade deficit widens Reuters,Turkey tourism revenue record billion even trade deficit swelled more than billion fallout from nearby Ukraine brought surge Russian arrivals also drove energy import costs
War,2023-01-31,Reuters,Blinken to discuss Russia s war on Ukraine with Chinese officials Reuters,Secretary State Antony Blinken will discuss Russia Ukraine with Chinese officials during trip China White House national security spokesman John Kirby said Tuesday
War,2023-01-17,Reuters,Serbia asks Russia to end recruitment of its people for Ukraine war Reuters,Russia should halt efforts recruit Serbs fight alongside Wagner paramilitary group Ukraine Serbian President Aleksandar Vucic said
War,2023-01-24,Reuters,Tesla s slowing sales shrinking margins in focus in EV price war Reuters,Tesla href https reuters companies TSLA target blank TSLA Wednesday expected report slowest sales growth quarters underwhelming deliveries days after move stir demand choke competition slash
War,2023-01-31,Reuters,UN experts call for probe into possible war crimes committed in Mali Reuters,United Nations experts have called independent investigation into possible crimes crimes against humanity committed government forces Russian private military contractor Wagner group Mali they said statement Tuesday
War,2023-01-31,Reuters,Analysis GM goes slow on EVs as rivals fight a price war Reuters,General Motors href https reuters companies target blank Chief Executive Mary Barra betting that moving more slowly than Tesla Ford accelerate electric vehicle production North America will more profitable
War,2023-01-30,Reuters,Ryanair hiring Ukraine staff in anticipation of return after war Reuters,Ryanair href https reuters companies target blank hiring significant numbers Ukrainian pilots cabin crew that will ready return country when with Russia ends Chief Executive Michael
War,2023-01-18,Slate Magazine,The War on Drag,Have ever dragon Miss Mess what kids queens Drag Story Hour
War,2023-01-07,Reuters,London to host international meeting on alleged war crimes in Ukraine Reuters,Justice ministers from around world will gather London scale support being offered International Criminal Court investigations alleged crimes Ukraine British government said Saturday
War,2023-01-16,Reuters,Germany calls for special tribunal against Russia over Ukraine war Reuters com,German Foreign Minister Annalena Baerbock called Monday establishment special international tribunal prosecute Russian leaders over Moscow invasion Ukraine
War,2023-01-18,Reuters,Pentagon looks to shift dynamic in Ukraine war without Abrams tanks Reuters,United States aims break dynamic grinding warfare near frozen front lines Ukraine with newly announced military capabilities that hopes will breath fresh momentum into Kyiv battle against Russian forces senior Pentagon official
War,2023-02-01,Reuters,Exclusive EV maker Rivian to cut of jobs amid price war Reuters,Rivian Automotive href https reuters companies RIVN target blank RIVN laying workforce effort costs maker already grappling with falling cash reserves weak economy braces indus
War,2023-01-27,Reuters,EU seeks effective justice for horrific crimes in Ukraine war Reuters com,European Union wants swift accountability horrific crimes Ukraine justice ministers said Friday even they differed over methods debate about bring prosecutions seek evidence fund damage repairs
War,2023-01-30,Reuters,Ukraine war to accelerate shift to clean energy BP says Reuters com,Russia Ukraine expected weigh long term energy demand accelerate world shift renewables carbon power countries boost domestic energy supplies href https reuters companies target blank
War,2023-02-02,Reuters,No magic wand in Ukraine war says UK s Wallace on question of Reuters,British defence minister Wallace said there magic wand that could help Ukraine fight against Russia when asked Thursday about possibility supplying British fighter jets used Ukrainian forces
War,2023-02-01,Reuters,As Tesla ignites an EV price war suppliers brace for Musk seeking Reuters,Tesla href https reuters companies TSLA target blank TSLA suppliers bracing pressure from Chief Executive Elon Musk team their prices further after electric leader aggressively slashed vehicle
War,2023-01-10,The Guardian,Russia Ukraine war at a glance what we know on day of the invasion,Russia attempting another advance Soledar considering supplying small number tanks Ukraine Russia Ukraine coverage Continue reading
War,2023-01-30,The Guardian,Russia Ukraine war at a glance what we know on day of the invasion,Russian attacks Bakhmut Donetsk will provide fighters says Biden Russia Ukraine coverage Continue reading
War,2023-01-10,The Guardian,Russia Ukraine blog live Almost no walls left in Soledar says Zelenskiy as fierce fighting continues,Russia steps assault Soledar considering supplying tanks Ukraine Russia Ukraine glance Continue reading
War,2023-02-03,The Guardian,Russia Ukraine war live Zelenskiy pushes for th sanctions package from EU leaders meeting in Kyiv,Second talks Ukrainian president says pace sanctions slowed Russia Ukraine glance Continue reading
War,2023-01-05,ReadWrite,Why Aren t We Winning the War Against Cybercrime,Cybercrime global problem that continues plague businesses individuals governments Despite increasing awareness importance cybersecurity criminals still remain active highly successful their attacks seem
War,2023-01-24,The Guardian,Russia Ukraine war at a glance what we know on day of the invasion,German defence group offers deliver Leopard tanks Zelenskiy flags imminent changes government Russia Ukraine coverage Continue reading
War,2023-01-21,The Guardian,Germany faces backlash over reluctance to send tanks to Ukraine,Kyiv voices frustration global indecision allies Leopard needed stop Russian assault Russia Ukraine latest news updates Germany facing backlash from allies over reluctance supply Leopard tanks bolst
War,2023-01-12,Business Insider,George Santos repeatedly ducks Matt Gaetz s questions about the he lent his campaign,George Santos appeared Steve Bannon Room podcast which fellow Matt Gaetz guest hosted Thursday
War,2023-01-18,Business Insider,Avatar topped Spider Man No Way Home at the global box office and shows no signs of slowing down,Avatar Water sixth biggest movie ever Next topping Avengers Infinity
War,2023-01-21,Business Insider,A Ukrainian soldier died on the battlefield in Bakhmut His death has sparked a fierce dispute between some American veterans and a volunteer trainer,accusations paint messy picture role volunteers Ukraine caught
War,2023-01-21,Business Insider,An ex US Navy SEAL deserter who went to fight for Ukraine was killed by Russian rocket propelled grenade reports say,Daniel Swift died fighting Bakhmut eastern Ukraine making sixth American Putin
stock market,2023-02-05,CNN,Did investors learn nothing from last year s market meltdown,Meme stock mania supposed over right Guess what
stock market,2023-01-10,CNN,Investors wait to hear from Fed Chair Powell at central banking forum,Investors shifting their focus Tuesday from stock market Stockholm they await fairly rare public speaking appearance Federal Reserve Chairman Jerome Powell
stock market,2023-01-30,Business Insider,What is the stock market,stock market where shares public companies bought sold Most stock market trading happens York Stock Exchange Nasdaq
stock market,2023-01-19,StockNews.com,Bullish Vs Bearish Stock Market,actually bullish That question from StockNews Steve Reitmeister late last week after published commentary POWR Stocks Under
stock market,2023-01-20,Wired,Netflix Is Coming,Reed Hastings founder long time streamer stepping down after years disrupting both video rental market Hollywood itself
stock market,2023-01-31,Reuters,Fed games Reuters,look ahead markets from Stephen Culp York stock market reporter
stock market,2023-01-22,StockNews.com,Stock Trading Plan for,year investment veteran Steve Reitmeister shares most complete minute analysis what lies ahead First return bear market with
stock market,2023-01-27,Reuters,S Korea fines Citadel Securities for stock algorithm trading breaches Reuters,South Korea financial regulator imposed fine billion million based Citadel Securities saying disturbed local stock market with high frequency algorithm trading
stock market,2023-02-01,Reuters,Dubai leads Gulf markets higher Qatar ends lower Reuters,Dubai stock market closed higher Wednesday outperforming Gulf region while Qatari stocks retreated amid volatile energy prices
stock market,2023-01-08,StockNews.com,Minutes a Month to Beat the Stock Market,problem investors underperforming stock market problem much time they spend waste achieve these poor outcomes above problems
stock market,2023-01-18,Reuters,Exclusive Vietnam market risks missing deadline for upgrade Reuters,Vietnam risks missing self established deadline complete reforms that would enable upgrade stock market emerging economy status attract billions dollars investments three officials told Reuters
stock market,2023-01-28,StockNews.com,The Best Way to Play Stock Breakouts,matter market direction there always stocks ready break higher What best find these timely picks maximize profits year
stock market,2023-01-25,StockNews.com,Stock Buyers Beware,Once again looks like bulls ready take charge good verge breakout that
stock market,2023-01-26,Reuters,Abu Dhabi leads fall in Gulf markets Saudi stocks rise Reuters,Dhbai stock market slid Thursday weak earnings from heavyweight companies while Saudi Arabian shares ended higher amid firm prices
stock market,2023-01-25,Reuters,Qatar leads Gulf markets higher Abu Dhabi shares fall Reuters,Qatar stock market Wednesday extended winning streak fifth straight session outperform Gulf region strong earnings while Dhabi stocks ended lower
stock market,2023-01-24,Reuters,Some NYSE listed stocks briefly halted for trading after market open Reuters,slew stocks were briefly halted trading York Stock Exchange shortly after market opened Tuesday technical outage
stock market,2023-02-02,Reuters,Gulf markets mixed as Qatar falls Dubai gains Reuters,Qatar stock market worst performer among mixed Gulf bourses Thursday amid volatile energy markets while Dubai shares ended higher strong banking sector performance
stock market,2023-01-11,Reuters,Analysis Foreigners dry powder is fuel for a long stock market rally Reuters,Foreign investors have barely begun buying back beaten down stocks China there growing signs that country tough COVID zero policy marks beginning long global march back into Chinese equities
stock market,2023-01-10,Reuters,After World Cup Qatar sets sight on reviving its stock market Reuters,Qatar stock market welcome first initial public offering almost three years test regulations that Doha introduced hoping compete with more active exchanges region
stock market,2023-02-06,Business Insider,India s stock regulator tried to calm jittery investors fleeing the stock market but even that s not helped Gautam Adani whose companies shares continue to take a beating,Shares most Adani Group companies continue fall sharply even after India market regulator assured investors country markets stable
stock market,2023-01-31,Reuters,Breakingviews Adani re ups India s emerging market risk Reuters,India making onto global investors maps country financial authorities tackle billion selloff Gautam Adani eponymous infrastructure empire following href https safelinks protection outlook https
stock market,2023-01-24,Business Insider,The dominoes are still falling in the stock market and pain isn t fully priced in as earnings outlooks get slashed at the fastest pace since RBC strategist says,There still more headwinds facing stock market earnings come under pressure this year Lori Calvasina said
stock market,2023-01-16,StockNews.com,The No Pharma Stock to Buy in January,While stock market economy have been subdued progressive interest rate increases AbbVie ABBV only reported robust third quarter also demonstrated confidence
stock market,2023-02-03,The Guardian,Adani crisis Indian group has value cut in half after stock market rout,Traders sent shares down more than Friday despite attempts restore investor confidence following fraud claimsThe beleaguered empire Indian billionaire Gautam Adani spiralling into crisis escalating stock rout triggered fraud clai
stock market,2023-01-20,StockNews.com,The Best Stocks to Buy With,declining inflation expected slower rate hikes tight labor market raising hopes economy achieving soft landing Moreover stock market expected recover
stock market,2023-01-18,StockNews.com,Stocks That Are Too Cheap to Ignore in,With rising recession concerns expected continue with rate hikes stock market projected remain highly volatile near term While market
stock market,2023-02-01,Reuters,Analysis Hawkish Fed could hobble volatility funds stock buying Reuters,Volatility linked funds estimated buying much billion equities daily helping drive this year rebound stocks ramp purchases coming weeks though hawkish Federal Reserve could spoil party
stock market,2023-01-24,Reuters,Investing in South Korean stocks to get easier for foreigners in Reuters,South Korea plans scrap number regulations local stock market within this year make investment easier foreign investors financial regulator said Tuesday effort bring more money into market
stock market,2023-01-22,StockNews.com,Key Points to Watch in Today s Market,Every Friday Steve Reitmeister Reity down chat about week feeling about stock market Normally pretty
stock market,2023-01-09,Reuters,Futures rise on China reopening optimism easing rate hike worries Reuters,stock index futures edged higher Monday optimism around China reopening borders while signs cooling labor market boosted bets slower pace rate hikes Federal Reserve
stock market,2023-01-17,Reuters,CVC mulls listing Polish convenience store chain Zabka PAP Reuters,Private equity fund Capital Partners float Poland biggest convenience store chains Zabka stock market fund partner quoted saying Tuesday
stock market,2023-01-31,Reuters,Europe s luxury stocks have room to rise but becoming costly Reuters,Europe glittering luxury companies region stock market performers more gains driven rebound Chinese spending some sector starting look expensive
stock market,2023-01-26,StockNews.com,Safe Stocks to Buy in an Unpredictable Market,intention continue raising interest rates disappointing economic data weak earnings season could keep stock market highly volatile Hence investing quality stocks Microsoft MSFT
stock market,2023-01-18,Reuters,Saudi bourse gains on rising oil prices Qatar extends losses Reuters,Saudi Arabia stock market rose early trade Wednesday tracking prices higher optimism over China recovery although Qatari index course extend losses sixth session
stock market,2023-01-10,Reuters,Spain s ride hailing Cabify plans IPO within months El Reuters,Spanish ride hailing Cabify plans list shares stock market within months local news website Confidencial reported Tuesday citing unidentified sources closed company management
stock market,2023-01-25,Reuters,NYSE says sell short restriction was triggered erroneously Reuters,York Stock Exchange said Wednesday that sell short restriction erroneously triggered ticker symbols companies listed exchange Tuesday that glitch market open
stock market,2023-01-06,CNN,Tesla cuts prices in China for the second time in three months as demand slows,Tesla slashed prices China second time less than three months effort boost sales amidst slowing demand world largest market
stock market,2023-01-31,Business Insider,Here s what the stock market is facing down this week from Fed moves to earnings that will set the tone for the rest of,Insider Phil Rosen explains what look stock market this week Federal Reserve tees another interest rate hike
stock market,2023-02-05,Business Insider,Gautam Adani went from Asia s richest man to losing billion after a scathing short seller report Here are the new top wealthiest people on earth,year date rally stock market helped boost wealth Elon Musk Jeff Bezos combined billion
stock market,2023-01-31,Business Insider,Investors beware the Great Fraud Reckoning is upon us,shaky economy falling stock market started expose some charlatans history shows that biggest scams come
stock market,2023-01-09,Business Insider,Gains in the first week of suggest stocks could see at least upside through this year Fundstrat says,historical analysis from Fundstrat found that goes first week year goes rest year stock market average
stock market,2023-01-16,Business Insider,Elon Musk slams the Fed s tightening campaign again The higher the rates the harder the fall,tightening campaign sparked stock market sell with Tesla shares plunging since start last year
stock market,2023-01-31,Business Insider,Forget ChatGPT an AI driven investment fund powered by IBM s Watson supercomputer is quietly beating the market by nearly,million Powered Equity this year while Vanguard Total Stock Market Index
stock market,2023-02-01,Business Insider,The buy the dip stock market strategy is about to make a comeback as long as the Fed doesn t move goal posts Fundstrat says,matter what does Fundstrat confident that last October indeed point stock market this cycle
stock market,2023-02-02,Business Insider,An anti capitalist financial planner explains how to make ethically sound investments,River Nice doesn believe stock market ethical they help clients discover harm reducing techniques that lead ethical investments
stock market,2023-02-01,Business Insider,Black Swan author Nassim Taleb warns stocks are hugely overvalued and the easy money era is over for investors,Taleb said stock market expensive relative current interest rates championed Warren Buffett investing style trashed bitcoin
stock market,2023-02-01,Business Insider,The problematic stock rally will fade as the Fed wrangles sticky inflation and recession hits in the nd half of the year Credit Suisse strategist says,inflation problem going away that could spark stock market sell second half year Credit Suisse strategist warned
stock market,2023-01-09,Reuters,Brazil s currency stock futures down after Bolsonaro supporters Reuters com,Brazil currency Monday weakened roughly against dollar early spot trading after supporters former President Jair Bolsonaro href world americas brazil investigates anti democratic riots capital stormed country
stock market,2023-01-27,Business Insider,Adani Group sheds billion in market value as the world s richest Asian weathers accusations of stock manipulation,Short seller Hindenburg Research accused India Adani Group brazen market manipulation accounting fraud
stock market,2023-01-27,Business Insider,Elon Musk says he s worried about the Fed crushing the value of the entire stock market,risk crushing value equities Quite serious danger Elon Musk said Tesla latest earnings call
stock market,2023-01-21,Entrepreneur,Become a Better Investor in the Stock Market with This Training,geared toward investors experience levels
stock market,2023-02-03,Business Insider,Elon Musk bemoans selling Tesla stock to buy Twitter and pokes fun at Michael Burry for deleting his profile,Tesla SpaceX Twitter warned investors against buying stocks using margin debt they face choppy market potential recession
stock market,2023-01-06,NPR,Tesla s stock lost over billion in value Elon Musk s Twitter deal didn t help,transformational automaker market dropped staggering amount over past year Blame competition sales that fell short lofty target distracted
stock market,2023-01-25,Business Insider,The stock market is underestimating sticky cost inflation that s eating away at company profits says Morgan Stanley s Mike Wilson,Mike Wilson warned market underestimating businesses struggle balance their costs revenue inflation remains sticky
stock market,2023-01-12,Reuters,Listing hopefuls on Beijing bourse slash floor IPO prices Reuters,growing number listing applicants Beijing Stock Exchange slashing floor prices their planned initial public offerings IPOs pandemic companies seek lure investors sluggish corner China reviving stock markets
stock market,2023-01-26,Business Insider,Tesla surges above billion market cap as its post earnings rally helps pare last year s brutal rout,While Tesla shares solid start maker market still well below peak trillion
stock market,2023-01-15,StockNews.com,Bristol Myers Squibb BMY is a Top Value Stock for,bear market been downright brutal growth stocks Thus making clear that time value That need discover attractiveness
stock market,2023-01-08,StockNews.com,AutoNation AN is a Top Value Stock for,time value stocks thus time discover attractiveness AutoNation shares Read below full story
stock market,2023-02-01,Business Insider,The stock market just hit a rare trifecta of bullish indicators that suggests massive upside this year,should bullish this year market probably going significantly higher look good opportunities Jeff Hirsch said
stock market,2023-01-17,Business Insider,The stock market is on the verge of a rare bullish trifecta that suggests big upside ahead,market pull this trick following year negative returns stocks gains over
stock market,2023-01-12,Reuters,TSMC Q profit rises beats market expectations Reuters,Taiwanese chipmaker TSMC href https reuters companies target blank posted rise fourth quarter profit Thursday strong sales advanced chips helped defy broader industry downturn that battered
stock market,2023-01-10,Business Insider,Coinbase jumps to a one month high as the crypto exchange says it will slash another of staff amid market slump,Coinbase stock recovery mode after slammed down more than
stock market,2023-01-30,Business Insider,The stock market rally that s jumpstarted is about to fade as the Fed reasserts its resolve in fighting inflation Morgan Stanley s top stock strategist says,Stock gains suggest investors appear have forgotten cardinal rule Fight said Morgan Stanley Mike Wilson
stock market,2023-01-26,Reuters,Abu Dhabi s ADX expects increased listings this year Reuters,Dhabi stock exchange expects increase listings this year even global economies grapple with high inflation rising interest rates chairman said
stock market,2023-01-20,Reuters,Wall St Week Ahead Tech stock rebound faces doubters with Reuters,spate earnings reports coming weeks test recent bounce technology other megacap stocks category whose leadership position markets faltered after last year deep selloff
stock market,2023-01-08,BBC News,Jack Ma to give up control of fintech giant Ant Group,billionaire seldom been seen public since criticising China financial sector
stock market,2023-01-11,Reuters,Retail darling Bed Bath Beyond set to rise for third straight session Reuters,Shares Bath Beyond href https reuters companies BBBY target blank BBBY popular among retail traders were jump market open Wednesday extend their rebound from multi decade lows last week following
stock market,2023-01-06,StockNews.com,Ridiculously Cheap Stocks to Buy in,stock market expected recovery While value stocks expected outperform growth stocks this year well quality stocks Mazda Motor MZDAY Good
stock market,2023-01-26,StockNews.com,Why Are So Many People Feeling Bullish,here something found myself wondering lately about stock market maybe wondered same thing fundamentals still mostly negative Less negative than thought
stock market,2023-01-23,StockNews.com,New to Investing Give These Stocks a Try,With economy stock market expected remain under pressure this year could wise investors consider investing fundamentally strong dividend paying stocks such
stock market,2023-01-29,StockNews.com,A Tale of Two Markets,best times Visa earnings worst times Intel earnings Charles Dickens didn actually write those words about current stock market environment
stock market,2023-02-02,Business Insider,The stock market has been transfixed by an enigmatic bond metric for the past year one that s now flashing an unmistakably bullish signal,sustained decline MOVE index future bond volatility supporting stock market optimism over falling interest rate uncertainty
stock market,2023-01-05,StockNews.com,Stocks to Be Sure to Avoid This Week,Last year been painful stock market rampant inflation rate hikes where most tech stocks bore brunt massive selloffs With elevated inflation
stock market,2023-01-17,StockNews.com,Nasdaq Stocks You ll Regret Not Buying This Year,Although macroeconomic headwinds kept stock market under immense pressure last year declining inflation rates have increased investor optimism recently Hence quality Nasdaq stocks Comcast Corporation CMCSA Honeywell International
stock market,2023-01-24,StockNews.com,Dirt Cheap Stocks to Buy Right Now,Amid easing inflation numbers expected slow down rate hike aggression Moreover stock market might witness recovery this year Given favorable
stock market,2023-01-26,StockNews.com,Hot Momentum Stocks to Add to Your Portfolio Now,While stock market been trepidation over plethora headwinds such weak corporate earnings Federal debt repayments stocks such North American Construction
stock market,2023-01-25,StockNews.com,Dividend Paying Stocks to Buy Now and Never Sell,indication continuing rate hikes impending recession fears likely keep stock market under pressure while Therefore investors looking stable income
stock market,2023-01-23,Business Insider,Don t buy into the current stock rally as the final stages of the bear market have yet to play out Morgan Stanley s top strategist says,final stages bear market always trickiest have been high alert such head fakes firm Michael Wilson wrote
stock market,2023-01-14,StockNews.com,Investor Alert The Bull Run is Over,enjoying early gains stock market Unfortunately this appears mirage with ready head lower
stock market,2023-01-27,StockNews.com,Retirement Stocks Under to Buy Now,Despite cooling inflation indication continuing hawkish stance recession concerns could keep stock market volatile while Against this backdrop fundamentally sound dividend stocks
stock market,2023-01-17,Reuters,Morgan Stanley comfortable on headcount takes mark to market Reuters,Morgan Stanley href https reuters companies target blank comfortable with headcount after recent action reduce jobs December Chief Financial Officer Sharon Yeshaya told Reuters Tuesday
stock market,2023-01-25,Business Insider,Tesla stock could soar and is the top pick in an auto sector that s seeing an EV shake out Morgan Stanley s Adam Jonas says,Tesla recent price cuts just latest sign market entering shake phase Morgan Stanley Adam Jonas said note
stock market,2023-01-09,Reuters,Bed Bath Beyond rebounds in meme stock rally Reuters,Shares Bath Beyond href https reuters companies BBBY target blank BBBY rebounded sharply high volume trading Monday amid speculation retail investors that struggling home goods seller might potential
stock market,2023-01-19,Business Insider,Police in Thailand arrested an American man in connection with an alleged fraud that left a New Jersey deli worth million,Bangkok Post reported that police arrested Peter Coker wanted connection with large scale market manipulation scheme
stock market,2023-01-09,Reuters,Oil tanker groups Frontline and Euronav terminate merger Reuters com,Frontline href https reuters companies target blank rival Euronav href https reuters companies EUAV target blank EUAV have terminated their stock merger deal Frontline said
stock market,2023-01-22,StockNews.com,Is Dow Inc DOW a Top Value Stock in,dividend yield pretty good equation attractive stock that equation Incorporated this time Find
stock market,2023-01-10,CNET,Feds Seize Million in Stock Owned by Embattled FTX Co Founders CNET,Robinhood stock owned Bankman Fried Gary Wang holding company
stock market,2023-01-09,Business Insider,Warren Buffett s Berkshire Hathaway sells a million more BYD shares to realize huge profits in the Chinese EV maker,Buffett ongoing share sales have weighed stock price recent months stock still outperforming electric vehicle peers
stock market,2023-01-06,StockNews.com,Dividend Stock to Buy Now and Retire on Later,Johnson Johnson continued business momentum third quarter fiscal driven steady demand products innovative advancing portfolio pipeline Moreover
stock market,2023-01-27,Business Insider,Record cash levels show investors remain unconvinced by the stock market s bullish transition in Bank of America says,Another tightening financial conditions this spring required economy into recession consensus craves BofA said
stock market,2023-01-31,StockNews.com,Semiconductor Stock You ll Kick Yourself Later for Not Buying,Despite demand softness other macroeconomic headwinds chip giant Taiwan Semiconductor Manufacturing Company reported steady bottom line growth last reported quarter Furthermore company innovative process technologies
stock market,2023-02-04,Business Insider,An economics researcher is warning that the next few decades could bring a massive stock market collapse,stocks growing fast epic wipeout bound happen over next decades according bearish economic researcher
stock market,2023-01-20,Reuters,Record inflows into emerging market funds on China reopening BofA Reuters,Investors poured record billion into emerging market debt equity funds week Wednesday response China easing COVID restrictions activity data Friday from BofA Global Research showed
stock market,2023-01-26,Reuters,Breakingviews Euro banks have done their time in valuation jail Reuters,European banks undeniably earned their reputations financial wells Their stock market valuations were hard through years risky lending trading slip excessive financial engineering investors might missing much lende
stock market,2023-01-27,Reuters,Russia ramps up diesel supplies to Turkey Africa ahead of EU Reuters com,Russia ramped diesel supplies African Mediterranean ports January href business energy europe rushes stock diesel ahead russian embargo approaches with traders short time find selling outlets
stock market,2023-01-27,Reuters,VIEW India s Adani slammed by bln stock rout clouding record Reuters,Shares India Adani Enterprises href https reuters companies ADEL target blank ADEL sank nearly Friday scathing report short seller triggered rout conglomerate listed firms casting doubts
stock market,2023-01-12,Reuters,Futures muted ahead of key inflation data Reuters,stock index futures were subdued Thursday ahead keenly awaited December inflation data that would offer more clues Federal Reserve path monetary tightening
stock market,2023-01-06,Reuters,Futures subdued ahead of December jobs report Reuters com,stock index futures were muted Friday with eyes jobs data later further clues aggressive Federal Reserve will with monetary policy tightening
stock market,2023-01-17,Business Insider,Coinbase soars as crypto markets rally and bitcoin notches highest price since September,move higher comes crypto prices enjoy sustained rally with industry market reclaiming trillion over weekend
stock market,2023-01-27,Reuters,India market regulator increases scrutiny of Adani group sources Reuters com,India market regulator increased scrutiny deals Adani Group over past year will study report issued short seller Hindenburg Research ongoing preliminary investigation into group foreign portfolio investors
